supplier_id,supplier_name,supplier_address,supplier_email ,supplier_phone
01HQZS3CH261K27DVEYW6TWX7N,"Howell, Lueilwitz and Bruen",68 Jana Lane,adefond0@disqus.com,585-131-7875
01HQZS3CH4HTSJPEPDVK565CM4,"Bogan, Mohr and Smith",41427 Melrose Terrace,mclowser1@last.fm,716-255-2262
01HQZS3CH5VCPYTTHN511QQES1,Schmeler Inc,566 Elmside Road,tventris2@uiuc.edu,629-964-8022
01HQZS3CH6JG1EH9SBFMNB0GGS,Rath Group,074 Mcbride Street,mlemarquand3@miibeian.gov.cn,882-572-7915
01HQZS3CH735MTCWCC7JNWWQZV,Paucek-Goodwin,0452 Sachs Hill,spfeffer4@ebay.com,515-801-7244
01HQZS3CH8R4CV5Q9QFTJPQJGK,"Rippin, Klein and Thiel",6 Mcbride Court,nkleehuhler5@networksolutions.com,951-600-1934
01HQZS3CH953VKDF4JXMM2JXJ4,Jacobi-Cruickshank,154 Del Sol Point,crooms6@mayoclinic.com,681-832-2477
01HQZS3CHASR3FRVQJPZXPKJNX,Aufderhar-Champlin,588 Old Shore Crossing,eebertz7@bloglovin.com,664-568-1184
01HQZS3CHCP09BHCGDV9QKN714,Orn-Ritchie,5 Mayfield Avenue,lmacmanus8@t.co,988-961-3745
01HQZS3CHDKM4WWT3DRAM4MZ0A,"Anderson, Wisozk and Turner",889 Farragut Road,jbruton9@sciencedaily.com,659-282-1360
01HQZS3CHF5YHQ7PBD8T11XRG1,"Mann, Wolf and Casper",113 Sachs Circle,ttregidgaa@statcounter.com,959-883-6491
01HQZS3CHGSSACK3J1J420GY69,Mitchell Inc,6 Vidon Drive,jlerhinanb@cornell.edu,167-155-7641
01HQZS3CHHF5ZCETH2RKV8NZAV,"Feeney, Stroman and Funk",16 Gina Parkway,lmanchettc@pen.io,646-250-2851
01HQZS3CHJ29RFRFME4RDYWEB2,"Fahey, Schuster and Crist",2 Carioca Park,cdibatistad@zdnet.com,682-920-7246
01HQZS3CHK3Y7FVFX9RRE01J5A,Wisozk Group,7 Westport Terrace,nmillichape@narod.ru,104-284-7607
01HQZS3CHMBVX69PC34JYESGYM,"Huel, Hammes and Jacobson",54 Village Parkway,esomerscalesf@ebay.com,656-873-4469
01HQZS3CHP05PQ5PHBPSJ91GPH,Hermiston-Howell,494 Nancy Lane,kyesking@woothemes.com,591-530-5296
01HQZS3CHQ9C33SR8SVY42F12Z,Berge-McCullough,80742 Ridgeview Junction,estouth@abc.net.au,274-574-1523
01HQZS3CHR3Z0C3RDD0QYFT566,Kuvalis and Sons,914 Carberry Road,emariollei@dailymail.co.uk,336-864-6526
01HQZS3CHSG3EB7GENNYD7YQ2K,"Bechtelar, Jones and Wunsch",8189 Kim Trail,ggwinnellj@spiegel.de,607-181-7610
01HQZS3CHTW8HFTSAJKRVCRW51,Toy Group,92 Pond Park,rfrancesk@technorati.com,934-557-1666
01HQZS3CHWKK9ACW7KQ58MHMZ1,"Moen, Heidenreich and Reichert",20 Mosinee Trail,amuckianl@sina.com.cn,982-312-1177
01HQZS3CHX81N7E24DA6H2H5DW,"Klocko, Nikolaus and Hodkiewicz",55399 Hauk Lane,bgeogheganm@weibo.com,576-266-9089
01HQZS3CHZ74ZQCSDXCS7CBVAC,Luettgen and Sons,8 Knutson Circle,hminghellan@yellowbook.com,316-164-7928
01HQZS3CJ0MY496XC7CYHNBGTJ,"Wehner, Schmitt and Sauer",20 John Wall Trail,rlovitto@xrea.com,960-710-4714
01HQZS3CJ2RWEG39PQS31YZ089,Ferry Inc,088 Amoth Junction,rjinkinsonp@woothemes.com,124-581-7219
01HQZS3CJ3BJEA1XADF5G5Q4VQ,McLaughlin-Dickens,0 Ryan Alley,lbaissq@businessinsider.com,936-327-4589
01HQZS3CJ40P0181B8FKD7T55F,Heaney-Bartoletti,7 Daystar Crossing,yoldfordr@ow.ly,585-730-2663
01HQZS3CJ689YTT8SH98G7BM6G,Romaguera-Gerlach,8274 Meadow Ridge Drive,acrossers@free.fr,183-106-1180
01HQZS3CJ7F153NM429JT8WFCH,Hettinger-Kohler,6 Fairfield Junction,hrentoult@usa.gov,123-938-4748
01HQZS3CJ8JPGX2X570DZPM4Q9,Sanford Inc,99027 Crowley Road,gcadallederu@reuters.com,919-835-6254
01HQZS3CJANGD680663NHC9HMQ,"Stiedemann, Upton and Murazik",66281 Bartelt Junction,cbernaldezv@prlog.org,308-547-5628
01HQZS3CJBNDFM8140PP797M1K,Beier and Sons,45 Vahlen Park,jlowdeanew@webs.com,182-575-6499
01HQZS3CJDWC63A89ECD7P9ZGZ,Schowalter LLC,91543 Rowland Trail,cfollandx@tuttocitta.it,757-842-5590
01HQZS3CJER3VPYCZCJ0Z4DM42,Gottlieb-Bradtke,43 Burning Wood Parkway,mheinzlery@webnode.com,760-832-9258
01HQZS3CJFPSBQT8T7PBSDRFDH,Little LLC,98104 Vidon Center,zfawdriez@google.co.uk,790-248-7243
01HQZS3CJHNG53DJ085QZDMR5A,Spinka Group,1574 Village Green Crossing,nsidry10@weather.com,141-648-5177
01HQZS3CJJMZ8VE8FSFV12394Q,"Kunze, Weissnat and O'Reilly",7382 Carioca Parkway,alapere11@ox.ac.uk,479-113-2418
01HQZS3CJKADM50166N69XKWZG,Lockman-Becker,748 Coolidge Crossing,pcaccavella12@oracle.com,776-989-1180
01HQZS3CJNFSXMG8NJMDPX406D,"Lindgren, Corkery and Brekke",43969 Mockingbird Point,bberrow13@topsy.com,405-113-3384
01HQZS3CJPNWTR5P143CE5HT0A,Lueilwitz Inc,821 Mifflin Plaza,mmasse14@ehow.com,493-190-5713
01HQZS3CJQT25D4M7H1CQB6A8A,Bartoletti-Conn,12 Holmberg Terrace,mpulley15@hostgator.com,937-162-4728
01HQZS3CJS0J6APH39Y83ZJD2B,Schuster-O'Keefe,91 Warner Avenue,jrandell16@imgur.com,218-733-8253
01HQZS3CJSA14X7CFXR9GN7HJJ,O'Keefe and Sons,94 Portage Circle,asturney17@princeton.edu,386-392-0773
01HQZS3CJTEKMECFD4EKTYF3P7,"Fritsch, Kshlerin and Blick",8974 Eagle Crest Court,mudie18@a8.net,718-128-5507
01HQZS3CJWCFKS56A86CSG7QN4,Turner LLC,307 Stuart Avenue,mfinneran19@europa.eu,681-465-8778
01HQZS3CJX6ZA5TMQP3CZ90QZ7,"Cummings, Waters and McCullough",1694 Rockefeller Road,tforson1a@upenn.edu,111-981-5796
01HQZS3CJY4RW5H1ZH25Q61R02,Denesik and Sons,03 Garrison Junction,ksidebottom1b@shutterfly.com,306-345-9298
01HQZS3CJZDQSP9HN3816EC609,Bode LLC,5 Waxwing Hill,ecosyns1c@cbslocal.com,768-536-6150
01HQZS3CJZXAA3E9G8QADECHBJ,Olson and Sons,05 Clyde Gallagher Road,jcartlidge1d@opensource.org,443-742-9335
01HQZS3CK0N0GGG0XN812BJJHP,"Maggio, Dare and Kuhn",910 Fair Oaks Street,kwildbore1e@histats.com,549-142-6457
01HQZS3CK1G64FD1DC4RN6RVS2,Kautzer-Gleason,765 Melrose Trail,rsherville1f@csmonitor.com,333-609-6675
01HQZS3CK1RNXKG7V4XSVF6SZB,Treutel-Homenick,11 Garrison Alley,msleicht1g@psu.edu,748-744-9114
01HQZS3CK22T8CDJH1BECGJYWX,"Dickinson, Thiel and Nikolaus",9 Susan Place,lduffus1h@i2i.jp,893-997-2225
01HQZS3CK2K048WV0FA0DF8AFZ,Schaden Group,1 Jenna Hill,jvater1i@blogger.com,505-668-1760
01HQZS3CK38CZW9Z6ZWA7C8MRT,Cummings Inc,721 Petterle Avenue,oconsterdine1j@ebay.co.uk,674-827-9995
01HQZS3CK4N4XSQPSZPMABNDN4,Emard and Sons,389 Summerview Parkway,sbockings1k@surveymonkey.com,474-241-0834
01HQZS3CK440R766JPM5PEQPHC,"Koepp, Stiedemann and Murphy",1 Waubesa Drive,amargeram1l@harvard.edu,419-702-6555
01HQZS3CK5VXGAGCKAS5T964A5,"Rogahn, Smith and Fritsch",3637 Mcguire Junction,maldgate1m@icq.com,154-347-0725
01HQZS3CK68MTNQBMJR9TTAEW9,Marvin LLC,93 Crowley Pass,rcastellucci1n@berkeley.edu,343-390-6018
01HQZS3CK62MERQ5NYNRJG49MN,Jakubowski-Pacocha,982 Grayhawk Trail,bgopsill1o@hao123.com,238-947-8196
01HQZS3CK76FVBJ42P9ZYYT2Y9,"Kessler, Flatley and Dietrich",5 Dahle Court,awiper1p@google.fr,623-279-0725
01HQZS3CK7TNQY984CRWZ2YWYH,Dickens-O'Connell,25549 Doe Crossing Point,mmuckeen1q@a8.net,242-475-9523
01HQZS3CK8QJA8FYQ6WS21XD1V,"Hoeger, DuBuque and Kozey",74 Boyd Place,nbottoner1r@addthis.com,325-899-0435
01HQZS3CK9ECZJHBG86YXDS28Q,Rutherford Group,677 Manley Street,grickards1s@google.com.br,771-233-3957
01HQZS3CKA70GDHXTPE85G5AVG,Walter Group,13659 1st Plaza,dmerrydew1t@lycos.com,505-196-3144
01HQZS3CKBQAAM4VPX3FGA0E9X,Considine Group,8947 American Ash Terrace,phanley1u@state.gov,607-750-8687
01HQZS3CKBKJT89GFE5M1EXCFW,"Jenkins, Lang and Leffler",9247 Melby Circle,sjablonski1v@ehow.com,272-787-8466
01HQZS3CKCZP88Q85XZZQDS5JX,Pfannerstill LLC,1 Merchant Drive,jattoe1w@mac.com,651-253-0469
01HQZS3CKD9F7MN1H71CEW5PQV,"Ondricka, Jakubowski and Powlowski",21588 Pankratz Trail,cprobyn1x@fda.gov,412-266-8277
01HQZS3CKFBYA2JE2MXDKX0FM2,"Littel, Stroman and Schamberger",6625 Tomscot Plaza,fgaliford1y@joomla.org,595-840-2927
01HQZS3CKGVDKBZPQB6CWPVCC0,Marquardt-Tromp,9 John Wall Street,nbuyers1z@yelp.com,707-189-2699
01HQZS3CKJAR6WM0B0TD0SG2SF,Kuphal-Christiansen,62731 Bluejay Plaza,gsains20@dyndns.org,306-866-8985
01HQZS3CKKSQBYHXZCWTGB554T,Murazik LLC,228 Rusk Road,hwollacott21@loc.gov,704-300-9109
01HQZS3CKME0D7FA9TE6Y4V740,"Hessel, Koch and Hermann",61 Tony Road,idanelut22@diigo.com,796-637-4339
01HQZS3CKPA8NYNAWGWEXFM4QJ,"Spinka, Kovacek and Hermiston",9 La Follette Lane,ltomankowski23@163.com,761-139-3452
01HQZS3CKRQ724GX0AM5QY2E9H,"Cummerata, Bailey and Cruickshank",8745 Ronald Regan Point,alipson24@latimes.com,948-938-0811
01HQZS3CKSGEKGGFJTFNQ2RDAT,Schaefer-Swift,7927 Lukken Way,mleeder25@rakuten.co.jp,161-840-6415
01HQZS3CKTMRVAXYHG3Q1K0VP0,"Larson, Mertz and Jast",79 Homewood Junction,zfurman26@digg.com,301-819-0540
01HQZS3CKWW1W1QVGZGX0A5Y5P,"Nienow, Morissette and Fay",160 Tennessee Court,fortner27@nps.gov,220-649-8251
01HQZS3CKY5ARBMVFNC93M3PS3,Conroy Inc,9 Utah Street,kcoot28@zdnet.com,603-766-5637
01HQZS3CKZZ0NXKH92BJV5MH5H,Crooks Group,59 Buell Trail,tbudcock29@who.int,700-283-3686
01HQZS3CM0XF7A7CCF3WG2E63K,"Fay, Simonis and Harber",685 Cascade Road,gthrelkeld2a@intel.com,509-878-4731
01HQZS3CM2G8F93YK699ZAN7VS,Ziemann Inc,7156 Gina Alley,lacuna2b@1und1.de,140-777-5800
01HQZS3CM47MPZ201QBRDYX1QZ,"Crona, McClure and Little",2536 Blue Bill Park Terrace,vrosenstein2c@google.ca,972-553-9915
01HQZS3CM57Z0T2QB2QB7V1XCC,"Bergnaum, Lueilwitz and Reilly",87976 Mayer Court,hspoor2d@soundcloud.com,292-318-7205
01HQZS3CM67DH34B05BMTAEWGW,Bode-Schuppe,083 Clove Alley,jbaughn2e@people.com.cn,422-377-8210
01HQZS3CM80WV8B8A3NWHEHHMK,"Abbott, Rath and Rau",04571 Doe Crossing Street,znoddles2f@webnode.com,705-348-0719
01HQZS3CM9NX95GP5GQ1H3FE3Z,"Hansen, Rippin and Reinger",16 Rieder Court,cgoodlake2g@lycos.com,811-864-6681
01HQZS3CMB1S61XQ6FE029EJYF,"Pagac, MacGyver and DuBuque",03223 Sundown Way,odinley2h@woothemes.com,675-165-1017
01HQZS3CMCCXA9S9ZHKF46V5W9,"Kovacek, Bartoletti and Macejkovic",3 Fair Oaks Drive,volczak2i@aboutads.info,281-383-8955
01HQZS3CME4B20W5NVA6Q64X53,Stroman-Spencer,5591 Doe Crossing Street,frigmand2j@tinypic.com,681-995-0251
01HQZS3CMF8T4P8ASMJTBX0PTD,Harber-Grant,59 Blaine Street,klangfitt2k@canalblog.com,103-588-2856
01HQZS3CMHP77D3Z6828Y7R75Q,"Green, Thompson and Prosacco",14 Clarendon Pass,awyllis2l@vk.com,195-405-4978
01HQZS3CMJ5QR134N605ZMZHJP,Nicolas and Sons,15453 Vernon Hill,rsellwood2m@nationalgeographic.com,862-924-0134
01HQZS3CMKMH9BAW124EJRYKKZ,Kozey Group,1 Butternut Pass,mhornbuckle2n@jugem.jp,407-313-8888
01HQZS3CMN0ATE5C974W6XSAYV,Beahan and Sons,3237 American Court,aparbrook2o@dailymotion.com,608-295-3384
01HQZS3CMPEADS4K4BY06ADDZ0,Kautzer-Greenholt,39588 Hovde Way,slebarre2p@bloomberg.com,749-710-0261
01HQZS3CMR2XVZJB7D384Z8D4F,Goyette and Sons,42123 4th Place,cpeachment2q@illinois.edu,517-137-2520
01HQZS3CMSB1YJ9EGSGEW4CEMV,"Schuster, Leannon and Mayer",72 Gateway Circle,bmoff2r@google.fr,867-960-0148
01HQZS3CN9KDS0086TYDQD1W2V,Wisoky Group,57 Meadow Valley Way,hgosker2s@examiner.com,198-852-4318
01HQZS3CNB13HPSCYPXVJ1BJCD,Strosin-Lang,4 Pennsylvania Street,cruddom2t@so-net.ne.jp,749-883-0263
01HQZS3CNCSPVG0D86C3PBSZN7,"Adams, Okuneva and Homenick",27751 Judy Place,oallsupp2u@creativecommons.org,306-491-3534
01HQZS3CNE2D01QAGY9K79FQJA,Flatley and Sons,192 Banding Parkway,dwathen2v@liveinternet.ru,760-805-7843
01HQZS3CNF5N1BRS0ZCBQ7PHY1,Schumm-Christiansen,6 Talmadge Center,skleanthous2w@elpais.com,748-254-6396
01HQZS3CNH62CW01QJGBP0B9CK,Reinger Inc,2039 North Terrace,ekilfeder2x@unblog.fr,520-457-7176
01HQZS3CNJGKD9H3BVN71Z6AKF,Streich-Fay,81 Victoria Point,fmorant2y@1und1.de,520-993-2250
01HQZS3CNMX5BZ1G8JFX950CCF,"Hamill, Homenick and Erdman",6 Farwell Circle,hmccrory2z@oracle.com,997-951-3222
01HQZS3CNNRJ1WD9YYNAK4P7H2,"Gutkowski, Bergstrom and Marks",10977 Bunker Hill Park,hehlerding30@nsw.gov.au,840-497-7098
01HQZS3CNQTX54N520G399QDDE,Homenick Group,63 Elgar Park,pbalser31@yellowbook.com,835-327-9958
01HQZS3CNRAFCPC2BCWZPFGSCY,Bernhard-Botsford,20 Moose Place,lhumphrys32@latimes.com,303-327-8235
01HQZS3CNSED46T047G6RDPVYK,"Adams, Mayer and Nikolaus",5329 Schmedeman Pass,hpercifer33@google.com.au,619-826-6422
01HQZS3CNVCWQQ8W84HPZ93D2K,Grimes Inc,0 Eliot Park,ecarrier34@usgs.gov,890-490-6656
01HQZS3CNWXAKD2HVCT572VDJ3,Swift-Renner,9902 Summit Plaza,glanktree35@istockphoto.com,261-260-0665
01HQZS3CNX7T6KQW3FM9H0XNQD,Runte-Gottlieb,927 Crownhardt Avenue,jalenshev36@google.com,723-233-5362
01HQZS3CNZG5M9FHJV6A6X1MQB,Waters-Anderson,599 Schlimgen Center,clamshead37@slashdot.org,998-275-9392
01HQZS3CP0FY51253RC08J2511,Ernser and Sons,58 Lerdahl Junction,rfinnimore38@examiner.com,389-772-3378
01HQZS3CP2HZ10735QVXG4B93Q,Maggio Inc,830 Dayton Hill,dpestridge39@bigcartel.com,805-872-0065
01HQZS3CP3559KW9P26MA4WV8X,Bradtke-Sauer,1 Aberg Street,lhabishaw3a@flavors.me,215-917-4125
01HQZS3CP4AFE1FDXPRAJ0XPF5,"Padberg, Greenfelder and Hoppe",638 Dawn Plaza,htrusler3b@cbc.ca,476-341-3305
01HQZS3CP6J1E2W3K754ED8TSV,"O'Conner, Sauer and Kuhlman",96071 Jay Alley,dpridden3c@paypal.com,966-370-4153
01HQZS3CP7HYR75NJ5PN93JZHJ,Ryan-Schaden,3 Hintze Court,dburgin3d@yolasite.com,101-472-3257
01HQZS3CP9R3D5Y45KAPQWPGCK,Altenwerth Group,3 Luster Plaza,hchardin3e@mit.edu,726-911-0188
01HQZS3CPAQJYQV2AG82N6M283,Jakubowski LLC,243 Steensland Court,aearpe3f@yellowpages.com,562-947-8229
01HQZS3CPBPXEC5X8NAETWMQJK,Veum-Fisher,6028 Sunfield Avenue,gdeere3g@is.gd,525-352-9905
01HQZS3CPD7TYV7VMB8NGS2D0E,Gerlach-Miller,6 Old Shore Street,oleaver3h@redcross.org,635-362-1096
01HQZS3CPEM2A5RJ2YK5K9Z709,Howe LLC,4 Bartillon Trail,emandry3i@wufoo.com,626-322-0403
01HQZS3CPFNKGAEZJ0XYDXMCYQ,Mayer Group,7221 Mayer Circle,glissett3j@i2i.jp,119-736-0546
01HQZS3CPHMSJA81X1EG314RV2,"Feil, Considine and Rice",992 Lindbergh Plaza,jolochan3k@webeden.co.uk,169-147-0639
01HQZS3CPJM2B601GQBYY4P7W4,Abbott-Harvey,0745 Weeping Birch Junction,dstevens3l@nymag.com,698-981-6387
01HQZS3CPM40GB3G9CPG1YV640,"Reichel, Windler and Ferry",8 American Ash Park,wdumphy3m@github.com,684-490-7724
01HQZS3CPN6H734R3H8HPW8PXY,Dickens LLC,6489 Menomonie Terrace,gfairfoull3n@plala.or.jp,257-555-1834
01HQZS3CPQ31CDV4VHHD0NWF8E,"Schmidt, Upton and Pfeffer",3 Anzinger Street,gcoard3o@theglobeandmail.com,176-625-3961
01HQZS3CPR3BYQWH8C8EYP6452,Harber Inc,4 Pond Terrace,kphilott3p@etsy.com,659-418-7992
01HQZS3CPTFMNV5AEZGDQTKDBD,Barton-MacGyver,7559 Iowa Crossing,hbreen3q@wp.com,122-642-5948
01HQZS3CPVK2TW65R0BXKV907X,Graham Group,01297 Esch Pass,awillis3r@indiatimes.com,846-169-4261
01HQZS3CPWQXZRASSEM7C3GCVQ,Rippin-Orn,6112 Londonderry Avenue,dbretelle3s@theglobeandmail.com,997-242-1907
01HQZS3CPX3GJVJXVK7SJ1SQ2G,Ernser and Sons,650 Upham Way,thalliday3t@nydailynews.com,199-962-1221
01HQZS3CPZ21BEXX6EM1YHKWYE,Bradtke Group,84992 Melody Hill,dlabat3u@imageshack.us,980-561-0265
01HQZS3CQ0N4ZRRTQ0QRGZY8H0,"Mayer, Murphy and Von",7 Old Shore Avenue,eadamovitz3v@photobucket.com,833-831-6003
01HQZS3CQ2T6AZPZ154559HFT8,"Gerhold, Fritsch and Hammes",56047 Steensland Road,mfalkus3w@arstechnica.com,948-604-6485
01HQZS3CQ3J7ECW8G0MVA42FWS,"Dibbert, Wiegand and Koss",6535 Algoma Junction,dtrundler3x@wired.com,472-454-1809
01HQZS3CQ5X2NKBMSN607HDBNN,Konopelski-Borer,11 Mariners Cove Park,jrobb3y@clickbank.net,336-501-9445
01HQZS3CQ6SJR1SDNJK5YG4KFW,"Kohler, Schmidt and Kuhn",54 Holmberg Crossing,froggers3z@amazon.co.uk,675-243-7462
01HQZS3CQ81X0T0E0BE34M4P65,"Welch, Kassulke and Bruen",46229 Kingsford Center,qkruse40@earthlink.net,221-784-1104
01HQZS3CQAB3QTM3NGFEECB0DG,Marquardt Inc,04009 Truax Street,ggorick41@ask.com,932-290-4218
01HQZS3CQBTW4M6GTFHJ6C4GV9,Davis-Von,0740 Mayer Avenue,dgerriet42@theglobeandmail.com,658-968-6372
01HQZS3CQDFNVHQTE78YCX5S6J,Abshire-Schamberger,21 La Follette Crossing,bmerrien43@hao123.com,104-730-9008
01HQZS3CQE814M7HS6V0JSRFS0,Franecki and Sons,859 Eliot Court,lpillifant44@webs.com,329-512-4710
01HQZS3CQFGABW03H8NB2KHH2A,Trantow-Shanahan,39 Nova Park,rclewett45@fastcompany.com,617-334-9896
01HQZS3CQGANDC270G0XD8ZZ7Z,Oberbrunner-Gleichner,698 Weeping Birch Court,wbuckell46@ocn.ne.jp,216-417-9235
01HQZS3CQJG9316N98D8DQZQYX,Dicki LLC,1903 Meadow Ridge Park,kmacneill47@sciencedaily.com,193-336-6042
01HQZS3CQK95X8HXP9BDR048XT,Lindgren-Gerhold,3 Mosinee Hill,bmckeevers48@springer.com,729-699-0810
01HQZS3CQMNKX2BYH45BATHM8M,Carroll-Von,54266 Waywood Plaza,cmaclardie49@wp.com,518-827-7028
01HQZS3CQNJG74KGJ2FP26A5MD,"Champlin, Glover and Turner",2848 Sherman Point,bsangster4a@zimbio.com,509-385-6343
01HQZS3CQP16MJ98GB8ATYVQ0X,"Satterfield, Blick and Little",1 Stone Corner Road,coxbe4b@cam.ac.uk,402-422-8650
01HQZS3CQR02HCWYDB2P04PZT7,"Sawayn, Swift and Friesen",00069 Del Sol Way,gnevison4c@uol.com.br,129-677-2405
01HQZS3CQST45Z0ACG1TY3YXM9,Sporer-Cassin,64006 Park Meadow Point,bdestouche4d@about.com,310-209-8481
01HQZS3CQTP1TH6D863X77NSRE,"Nader, Smith and Luettgen",1588 Marcy Avenue,sdelf4e@jiathis.com,362-492-2975
01HQZS3CQVQPXMYMXX38A5VTFK,Bogan-Sauer,8400 Blaine Place,bcullnean4f@creativecommons.org,850-989-0746
01HQZS3CQW29HTWCDH61X0BYSZ,Rowe-Bosco,092 Ronald Regan Hill,wrizzolo4g@reference.com,936-581-5405
01HQZS3CQX6HY0H99WH1ZA7F0D,Mayert LLC,526 Hudson Hill,tthor4h@vk.com,107-227-2087
01HQZS3CQYE6BXF87DFDT1SG02,Gerhold-Kutch,96077 Mockingbird Street,tgatecliff4i@printfriendly.com,766-717-4876
01HQZS3CR053VNG7P8QQW6KPXP,Considine-Kautzer,3 Hoepker Park,gmctrustie4j@adobe.com,277-312-6701
01HQZS3CR19P9WHKHTHPDVQCH6,Macejkovic-Huels,309 Springs Center,lbettenay4k@ning.com,319-640-2623
01HQZS3CR2HH6TRQC0ATBGC1BZ,"Abernathy, Heaney and Crooks",7 Pierstorff Alley,btreagust4l@hugedomains.com,430-659-8530
01HQZS3CR3400X8M8H1S4FGH32,"Ondricka, Kunze and Durgan",876 Rusk Alley,vdowthwaite4m@slideshare.net,418-731-2464
01HQZS3CR4PK6ENZKKF6TF2H92,"Sauer, Corkery and Hilpert",8939 Kingsford Alley,kcortes4n@t.co,304-608-5637
01HQZS3CR6NWYE6B7X6BYEC6RZ,Herman and Sons,9 Cordelia Drive,wpagan4o@slate.com,253-161-0494
01HQZS3CR744P1BVEHXJQA4MC4,Barrows-Ward,9 Sunfield Point,sgeaves4p@lulu.com,263-981-9668
01HQZS3CR8AH850C2W9778H1CN,McGlynn-Haag,9682 Katie Road,cdugall4q@theguardian.com,989-896-8146
01HQZS3CR9HP5JSDSTRYYSV8KJ,"Toy, Lakin and Morissette",2730 Golf Course Trail,blau4r@springer.com,748-640-2087
01HQZS3CRAERS4JCWY5M4KE70C,Jerde-Purdy,330 Sherman Circle,jdegoe4s@odnoklassniki.ru,504-382-2481
01HQZS3CRBAA6BXFSTDAJ9FHWS,Stracke and Sons,9 Namekagon Parkway,heades4t@cocolog-nifty.com,893-745-2854
01HQZS3CRD0999E0F4YAZESNNE,Witting-Farrell,853 Northland Center,sdimmock4u@blogspot.com,149-349-2742
01HQZS3CRE8N3787QGS10QH8JC,Nicolas and Sons,61209 Lyons Terrace,tausting4v@123-reg.co.uk,479-287-8609
01HQZS3CRFQRNE9EM7EQ1X0F55,Johns-Stanton,6 Heffernan Street,fbagot4w@cornell.edu,765-939-5275
01HQZS3CRG6MHJWFJYCE1WYK0C,Ratke-Stehr,4 West Parkway,lblowers4x@soundcloud.com,331-457-3686
01HQZS3CRHCHN28A3BWEZTCRWF,Kuhlman LLC,237 Claremont Way,tguisler4y@shareasale.com,655-920-0779
01HQZS3CRJCWFJCZKXHJEJK1EE,Johnston-Konopelski,08 Moose Point,kreckless4z@noaa.gov,131-569-3626
01HQZS3CRK8GHB7KFVV3X8EW7B,"Hegmann, Toy and Schimmel",34660 Upham Place,ddockwray50@loc.gov,883-937-2090
01HQZS3CRNCESS2B4K1YSWWBHY,Rice and Sons,58 Prairieview Alley,fciobutaro51@eepurl.com,991-621-3983
01HQZS3CRPC3VFSHJZQM1CS7PC,Bogan Inc,381 Kropf Crossing,jmargery52@economist.com,328-803-3660
01HQZS3CRQDF1BDRRE62T3QSHA,Jacobi-Beier,86455 Menomonie Crossing,ajoseph53@trellian.com,115-510-6936
01HQZS3CRRXM5CW7W15G0C6Q9H,Stamm Group,517 John Wall Trail,ddimeloe54@amazonaws.com,529-241-5570
01HQZS3CRSXYR0KWXFHKNHA3JF,Hahn-Hodkiewicz,7 Luster Lane,mcottill55@comcast.net,949-438-3588
01HQZS3CRT4RC48H6X9AHPJ1DD,"Ziemann, McDermott and Koss",57 Crescent Oaks Way,nplaxton56@ifeng.com,351-413-0517
01HQZS3CRW5X3DNBM59KWGFJ47,Rowe LLC,602 Hoffman Pass,jsouthey57@howstuffworks.com,389-443-4868
01HQZS3CRXFEQ0F2SBNJH9JXKB,Nitzsche-Friesen,83267 Westport Court,bromke58@ezinearticles.com,869-986-0869
01HQZS3CRYSW9HN2HQBTV6ADSX,"Hilpert, Oberbrunner and Kovacek",6996 Red Cloud Lane,mrutland59@webeden.co.uk,906-623-8663
01HQZS3CRZP7SQXTF4524N9CEF,"Bergstrom, Erdman and Simonis",82 Little Fleur Avenue,hhernik5a@utexas.edu,543-435-3449
01HQZS3CS0AMQTTEXN6WP6YDB5,Feeney Group,0684 Farragut Lane,nchatell5b@walmart.com,263-204-8898
01HQZS3CS19HCTR36SE5BK3P2G,Towne Group,662 Hoepker Junction,kgladdor5c@delicious.com,633-813-8034
01HQZS3CS2HRZYE3W9GCP87E3F,Mosciski-Ebert,9 Lien Way,kcess5d@mapquest.com,427-529-4179
01HQZS3CS3H6NKENBB6Z3H131M,"Stracke, Dickinson and Moen",92697 Paget Avenue,mcammocke5e@ft.com,539-367-3923
01HQZS3CS5W0PWGTWC7DW9DZYC,Dicki and Sons,330 Hansons Plaza,goris5f@seattletimes.com,226-383-8051
01HQZS3CS6HF7HQSBNBA9TN56F,"McKenzie, Jacobs and Kerluke",59 Bluejay Court,epleavin5g@salon.com,868-725-8885
01HQZS3CS7Z0Z7CJN8FBZ3GARB,Price and Sons,0407 Calypso Terrace,fbaline5h@artisteer.com,594-170-9079
01HQZS3CS8H3Q8XCKJKV34MC12,Wunsch-Grant,52 Manufacturers Avenue,eanan5i@myspace.com,415-581-9752
01HQZS3CS9MCDE7YQ1YYC2CAAB,Gerhold-Bailey,4 Morningstar Place,sscarman5j@friendfeed.com,847-662-1571
01HQZS3CSA95PVHNG1RSE20QW2,"Grant, Ward and Waelchi",46296 Swallow Way,dfarryan5k@edublogs.org,975-205-8481
01HQZS3CSCGDZDSYD8G7HRM09M,"Klocko, Carter and Boyer",83161 Hoffman Court,esproat5l@prlog.org,613-214-6700
01HQZS3CSDCXYBJ3T5SJQTGZZ5,Dare LLC,395 Basil Hill,waujouanet5m@yolasite.com,906-666-6405
01HQZS3CSE6BHFZK7B6GVP21G9,Shanahan Inc,00815 Debra Alley,bledram5n@admin.ch,739-169-4841
01HQZS3CSFT9NXG4FR4BZNADTA,Smitham Group,0197 Debra Parkway,jreader5o@java.com,870-605-5718
01HQZS3CSGYTHP4QDV28529304,Dickinson and Sons,95004 Nancy Alley,smelson5p@twitpic.com,254-637-4539
01HQZS3CSJ22V91GCMWG2ZST06,Bartell-Graham,25 Briar Crest Circle,jcoombe5q@dropbox.com,916-817-6644
01HQZS3CSKGDB7EJ51TW0V2B65,Brown LLC,5 Kedzie Plaza,baleksandrev5r@answers.com,197-815-8936
01HQZS3CT139VJFM0P4Z1A4799,"Gulgowski, Spinka and Bruen",33290 Sutherland Street,olamshead5s@un.org,756-965-8339
01HQZS3CT3EW5BZ3JH63RZ80YT,Powlowski-Gibson,4590 Melody Drive,wleeman5t@wunderground.com,449-345-1119
01HQZS3CT498SK75PBNZB3MJEK,"Mitchell, Vandervort and Kuphal",82554 Cody Way,cbader5u@deliciousdays.com,268-284-4510
01HQZS3CT6MR47ZAXA49J1RCT7,Wolf-Balistreri,6271 Hintze Road,belcoate5v@wsj.com,707-825-4480
01HQZS3CT7TCPKY8YDG5EQA63M,Haag-Ryan,867 Orin Street,lraisbeck5w@addtoany.com,868-273-8188
01HQZS3CT96ZM6WH27DGD4P8WE,Terry LLC,326 Charing Cross Way,fofinan5x@myspace.com,963-286-6955
01HQZS3CTAF3KR5PVDP5CE41TK,Cartwright-Klein,94199 Old Gate Pass,gbau5y@eventbrite.com,451-185-1269
01HQZS3CTC07X5A5688YM2FP53,Grady-Roberts,83 Esker Trail,aflicker5z@timesonline.co.uk,475-214-6693
01HQZS3CTD353XFRZKB90NDCNQ,Nienow and Sons,44532 Briar Crest Park,kdenzey60@ezinearticles.com,151-988-4830
01HQZS3CTE4MA8HT5EB3MPVXN7,"Krajcik, Jast and Vandervort",8360 Chive Junction,gverner61@cbslocal.com,730-549-5949
01HQZS3CTGYA9AF39667Y525S2,Hermann and Sons,889 Columbus Way,hmedland62@pbs.org,932-755-2625
01HQZS3CTH7ZMC3FGJZA0YSS04,"Nolan, Mosciski and Beer",2597 Atwood Pass,eprest63@mediafire.com,386-455-3101
01HQZS3CTK2YCARPXDE0H36PMP,Cummerata-Farrell,06455 Monument Trail,scholonin64@moonfruit.com,220-903-3307
01HQZS3CTMHK7HXDTTVPASNBJ7,"Vandervort, Medhurst and Goodwin",73 Kinsman Hill,hhavenhand65@163.com,374-428-6562
01HQZS3CTPP1MBE77DV0VXVEMB,"Wolf, Lockman and Kemmer",5485 Dottie Park,wglavias66@1und1.de,592-374-7871
01HQZS3CTRCEGXGR09CWGD6V8H,"Prosacco, Bednar and Crist",9 Troy Hill,rkornilyev67@abc.net.au,681-556-0825
01HQZS3CTTRNW2VRH6Y1NWXZZ7,"Wuckert, Bayer and Bednar",93583 Ridge Oak Road,wvondrach68@posterous.com,469-276-8751
01HQZS3CTWYJ8HPX5EES0KCW0K,Veum Group,452 Dexter Parkway,csumpter69@utexas.edu,974-483-2057
01HQZS3CTYE6RKPFFJT29KZQYH,"Lind, Bailey and Williamson",47 Charing Cross Center,ssharville6a@washington.edu,861-686-6096
01HQZS3CTZER9NBVFM7XQ6QGEJ,Johnson-Huels,81721 Clarendon Lane,psponder6b@ucoz.com,562-208-3422
01HQZS3CV1HFD5MXZZV3Y94BZC,Romaguera-Dietrich,107 Lindbergh Avenue,ihoundesome6c@xinhuanet.com,261-464-5844
01HQZS3CV2TDWAQ62WP8Z4G0FP,Corwin LLC,7684 Pawling Pass,erubert6d@mapy.cz,466-210-6618
01HQZS3CV4FTP7A8N7TVV4GR6X,Rice LLC,60 Sage Drive,mahern6e@tinypic.com,936-791-9078
01HQZS3CV51G2K5ECMYS4JYFWG,Bergnaum and Sons,16 Heffernan Drive,bsumers6f@state.gov,997-192-5466
01HQZS3CV5967WHDN8SR94TQYH,Lockman and Sons,6 Fairfield Circle,jwatson6g@bloglines.com,310-798-9265
01HQZS3CV6GRAZQ4FA70W4AM3K,Kovacek LLC,331 Sunfield Trail,mhimpson6h@google.it,502-665-0183
01HQZS3CV7XTHDAHVHVEWNK5QR,Waters-Zulauf,14 5th Hill,lpitcock6i@pen.io,764-337-8302
01HQZS3CV8KV7JDD6V4QM82NYC,"Simonis, White and Kovacek",1687 Debs Lane,mackermann6j@google.pl,146-464-8049
01HQZS3CV955JBG1G70TZ13K8A,Kiehn-Abbott,7056 Lien Avenue,blealle6k@amazon.de,642-859-1150
01HQZS3CVB9N088X27B0Q3JNE6,"Cronin, Bode and Conn",12633 Sunnyside Plaza,nsisse6l@slate.com,860-644-0226
01HQZS3CVD37473FHTCR8GB7WA,Kub and Sons,37027 Manufacturers Park,gfletcher6m@sourceforge.net,615-842-1918
01HQZS3CVEQH606FES60MZFKCK,Dooley-Trantow,939 Stone Corner Alley,snaulls6n@noaa.gov,693-530-2582
01HQZS3CVG9RAVW3F4MZCR73WA,"Hoppe, Welch and Zemlak",81 Rigney Place,rrothera6o@cnbc.com,507-928-4107
01HQZS3CVHBJJV4VK44YFBPA0E,Rolfson LLC,9 Melody Drive,hmanktelow6p@qq.com,198-120-4458
01HQZS3CVKJGR503CJS7M5MRA2,"Grimes, Hayes and Cole",32252 Twin Pines Point,hlemanu6q@msu.edu,714-535-2919
01HQZS3CVMFKS8R68CY37AFECS,Hansen and Sons,0 Welch Circle,nsimson6r@fotki.com,255-156-0176
01HQZS3CVPWV9FRD44X4BSB37E,Larkin-Rodriguez,61 Canary Parkway,crusk6s@youku.com,724-599-7357
01HQZS3CVQGGGBXBN7Z9ZYH90J,"Waelchi, Swift and Rogahn",5049 Laurel Parkway,krowena6t@wiley.com,447-727-1115
01HQZS3CVSKRB47DHEGQET3RWN,Hansen-Hamill,343 Hudson Center,fcordelet6u@cloudflare.com,200-942-8684
01HQZS3CVVV541N3TX9W8GMEEP,"Kerluke, Leuschke and Monahan",09038 Shasta Trail,dbrattan6v@forbes.com,596-591-8851
01HQZS3CVWF3YQNHTGQEWDVPTD,McLaughlin-Lowe,30232 Veith Junction,apencost6w@hugedomains.com,592-711-8432
01HQZS3CVYTCDRAKNQ2H8D7S35,"Dibbert, Connelly and Mueller",5 Almo Street,aredwood6x@amazonaws.com,245-495-5244