supplier_id,supplier_name,supplier_address,supplier_email,supplier_phone
01HQZS3CVZYM95VJDC16RHSW3Q,Zboncak-Mueller,0 Springview Avenue,rbartolomeoni6y@google.co.uk,858-692-4489
01HQZS3CW10CQREBMW37942HA2,Jones Inc,11 East Center,eianetti6z@shop-pro.jp,997-300-3433
01HQZS3CW2S7CEZEWT8C9B4EBW,Kihn-Monahan,7084 Summit Park,gpenwright70@mediafire.com,646-285-5411
01HQZS3CW3JJZPTVRQDB2HNHSD,"Kub, Block and Muller",313 Hovde Crossing,ecellier71@foxnews.com,866-419-1581
01HQZS3CW5GFFETWQH4RCZNJRP,Crist-Ruecker,5433 Kensington Park,ldikels72@un.org,900-392-6679
01HQZS3CW6FRF2TA0JEFE81M9Y,Gutmann-Doyle,727 Calypso Center,ascardifield73@tuttocitta.it,100-953-9879
01HQZS3CW7SPJJ6JW42YSCXBYJ,Monahan Inc,41 Tomscot Crossing,jrosenshine74@ezinearticles.com,529-446-6451
01HQZS3CW8WBEA35BF0301YBQH,Blanda-Smith,1409 Washington Place,hyashanov75@mapy.cz,190-454-6199
01HQZS3CWAANK3HMDV70KFNRTE,"Weber, O'Reilly and Kautzer",9200 Pierstorff Drive,dlorenzo76@google.pl,559-721-9915
01HQZS3CWBED381WTDVWANQCMN,Rath and Sons,79119 Cherokee Plaza,gdashwood77@comsenz.com,421-363-9992
01HQZS3CWDTDE60B5MFBTGE556,Nienow Group,729 Schmedeman Parkway,sspavon78@soup.io,866-496-5655
01HQZS3CWE0TSZ9VX43EC2EYYQ,Ryan-Larkin,32 Fairfield Lane,vvakhonin79@pbs.org,255-997-3819
01HQZS3CWGRDJ05P0P8T5SAQ58,Franecki-Klein,2954 Grasskamp Pass,lmettricke7a@odnoklassniki.ru,806-441-6460
01HQZS3CWJ78WS3HD0JNXH48B2,"Rowe, Treutel and Dare",37088 Moulton Crossing,jlibbey7b@tinyurl.com,193-740-7247
01HQZS3CWM3S7BX2W5MKCM1MFN,Conroy-Stark,40061 Corben Alley,bure7c@mac.com,430-373-6850
01HQZS3CWP4SM35H35PGCBJEFE,Bernier Inc,7993 Merchant Road,ogoldring7d@nih.gov,634-614-8356
01HQZS3CWQN6170B0Z442WC839,"Nikolaus, Wisoky and Kuhic",011 Schurz Lane,plandreth7e@umich.edu,884-568-7538
01HQZS3CWSWPK3ESMQ0QWXMA6Q,"Murphy, Borer and Cassin",51 Arapahoe Court,kringsell7f@wiley.com,928-709-1504
01HQZS3CWV62DX1HG76SE3WF30,"Sporer, Renner and Collier",45193 Veith Drive,lpattisson7g@com.com,576-793-6206
01HQZS3CWXKAB087TD2F4CSQMA,Koepp and Sons,180 Westport Junction,cjaulmes7h@people.com.cn,461-507-5532
01HQZS3CWZHFSKYE6SK93G6A1R,Bogan LLC,67 Jay Circle,lhuke7i@eventbrite.com,489-500-5085
01HQZS3CX1P8VKV2D4T7VT4XDP,Ortiz-Goodwin,72 Menomonie Road,dthebe7j@dailymotion.com,176-428-9177
01HQZS3CX2542EDD4P6B5NP0HF,"Koelpin, Wintheiser and Heaney",8 Stone Corner Court,dsoldi7k@bloglovin.com,315-278-5077
01HQZS3CX4WWH58S0K7W01YGZP,Medhurst-Daugherty,7508 Sachtjen Road,wfeaveer7l@nba.com,493-606-8592
01HQZS3CX6C1KD0YZQ8P98KFCS,Rodriguez-Bernhard,677 Monterey Trail,lyurocjkin7m@who.int,794-641-8575
01HQZS3CX7ZRF9466SFBA4D0Q4,Windler-Bogan,19376 School Circle,estaggs7n@time.com,765-413-7502
01HQZS3CX96MT5M59V5976RFGM,Kirlin-Borer,6226 Sloan Park,chaulkham7o@mashable.com,488-907-3146
01HQZS3CXAQ0XAA8E0K3JMB700,Wilderman Inc,45 Stephen Avenue,glarratt7p@prweb.com,367-831-0084
01HQZS3CXC72RNH749N2JKQTVW,"Block, Collins and Bogan",59 Waywood Lane,mesler7q@google.com.hk,888-834-3637
01HQZS3CXECHQM5PFH77PABQYC,Lindgren-Quitzon,3420 Continental Trail,tangrock7r@cdbaby.com,604-558-4033
01HQZS3CXFFJWM4WTJHB4JF97A,Weissnat-Fahey,78941 Meadow Ridge Place,vfillingham7s@sphinn.com,733-968-6606
01HQZS3CXGGB656T354QVT1B4W,Jakubowski Group,5 Scoville Street,fbattlestone7t@hubpages.com,704-622-4048
01HQZS3CXH008BH4936W0ESK3F,Walsh Group,217 Northwestern Parkway,chaensel7u@comsenz.com,186-286-6587
01HQZS3CXJZKPNC1ZHRRN5CK1T,Auer and Sons,19 Stone Corner Avenue,fpitcock7v@cyberchimps.com,253-230-4874
01HQZS3CXKTWS4KP4YSTCWH4RT,"Spinka, Abbott and Yundt",93 Sauthoff Avenue,jcorinton7w@jalbum.net,474-801-9588
01HQZS3CXN4WNPBAXFHKBN38RJ,Stroman-McDermott,99233 Scott Point,mhalshaw7x@exblog.jp,109-383-3424
01HQZS3CXQ8BX2VP6XR2ZFJMYJ,"Robel, Konopelski and Berge",3 Blackbird Hill,ebloggett7y@acquirethisname.com,476-795-9539
01HQZS3CXS84BP7Y1DFAEHT2JG,McGlynn Inc,6432 American Center,cmaudett7z@hostgator.com,762-502-1715
01HQZS3CXV009RP2QXS4RMNWVJ,Will LLC,36490 Jenna Street,cphilliphs80@goodreads.com,395-305-8453
01HQZS3CXW5ZHVYHNSH9W8QTB6,Greenfelder LLC,75 Melody Way,atondeur81@phoca.cz,456-893-7190
01HQZS3CXYCPTN6YY6WBA728FN,"Blick, Hane and Donnelly",16025 Melrose Center,dbergeau82@amazon.de,992-423-9333
01HQZS3CXZKPS0WE56HA16J0H1,"Tremblay, Bashirian and DuBuque",22 Loftsgordon Parkway,dstanion83@discovery.com,219-642-0296
01HQZS3CY1MGCBT7VMZEMWJDHG,Farrell-Beier,902 Superior Place,xmostin84@google.com.hk,913-822-0795
01HQZS3CY2NM4T656N85AX3QJ7,Thompson Inc,102 Kropf Road,cmckimm85@yandex.ru,957-494-7777
01HQZS3CY4J2XJ2PKFXV6D68KK,Koelpin-Champlin,21 Twin Pines Hill,bwerrilow86@ucsd.edu,722-849-4273
01HQZS3CY5MKQB143AGTKSZFJ8,Sanford-Marks,32905 Sycamore Hill,mclemett87@businesswire.com,725-644-9619
01HQZS3CY62K40WAWQE5KQ1WED,"Grady, Jast and Brown",2 Hagan Drive,tlantry88@time.com,960-213-7343
01HQZS3CY8FHK7X76V2DTYWPQF,"Kessler, Gottlieb and Mills",1 Twin Pines Junction,afelderer89@dailymotion.com,156-504-1590
01HQZS3CY9QFCDK5S8MSDS53E8,"Torp, Bogan and Williamson",762 Oak Valley Pass,ncalderon8a@nasa.gov,682-749-6376
01HQZS3CYBT1Y39W86Z2SJ5EQQ,Crist-Smith,05 Northfield Center,rpinkstone8b@imdb.com,835-674-6284
01HQZS3CYCB6EVZB01CR8S5KWE,Luettgen-Oberbrunner,65555 Mallard Lane,rmandell8c@wisc.edu,562-376-2128
01HQZS3CYE3EZPVB9W9YFE3072,Rippin Inc,3259 Dwight Park,fprantl8d@sohu.com,316-756-6785
01HQZS3CYFAJEPCD287KT7B8P9,"Quigley, Parisian and Lubowitz",2 Pawling Way,jleeves8e@princeton.edu,236-712-9681
01HQZS3CYGH643GWAEG39FY9HC,Turcotte and Sons,565 Mosinee Plaza,hlast8f@mediafire.com,286-878-9935
01HQZS3CYHRVE31WXCT9E3XRXN,Pollich-Gulgowski,2376 Crownhardt Crossing,mdestoop8g@xrea.com,963-180-7057
01HQZS3CYJHCZX4E4PBXJ5BK60,Prohaska Inc,22 Maryland Drive,mgallico8h@mozilla.org,868-574-7616
01HQZS3CYMZQXZW1N2FPST18GB,Fadel LLC,650 Cambridge Plaza,hpunch8i@purevolume.com,738-604-5238
01HQZS3CYPMW38KFE2DJZFG60F,"Wisozk, Stehr and Block",6 Hintze Junction,cgoulbourn8j@about.com,232-844-3233
01HQZS3CYQ5EY9ZMCEA531HMYZ,Gorczany-Huel,11 Larry Lane,mjopke8k@harvard.edu,867-558-5491
01HQZS3CYS459ZV3SYTV3Y2ZF8,Kreiger Group,88479 Pawling Hill,mghidetti8l@intel.com,892-848-8387
01HQZS3CYV4JZ77CTEJ88Q8AY0,Gottlieb Inc,479 Burrows Parkway,gtibb8m@gnu.org,949-276-3048
01HQZS3CYWNF6HNC73DJHCC5TX,Littel-Marvin,72114 Dunning Drive,rpannaman8n@comcast.net,811-815-5941
01HQZS3CYYZ3K8W4KG56SQA1S3,Kulas-Bashirian,9 Forest Run Drive,bpurdey8o@archive.org,945-628-6755
01HQZS3CZ0WTAPM9DB0JKK5Q6C,Goldner Group,9 Hagan Center,ghurtic8p@thetimes.co.uk,985-389-7805
01HQZS3CZ100W3S9WDVX53FTD7,"Spinka, Bahringer and Konopelski",48 Bartillon Point,rmcmurrugh8q@arizona.edu,978-676-2249
01HQZS3CZ3K7RBEXJ0YCR2M4W7,Ledner Group,90 Summer Ridge Drive,ctann8r@dailymail.co.uk,110-484-7967
01HQZS3CZ5S8TQ02SDQAZERQK8,"Reynolds, Turcotte and Gerhold",99 Dakota Court,ymarshland8s@dropbox.com,839-801-3329
01HQZS3CZ7JXW2AMRPYW34R8MD,McKenzie LLC,37816 Waubesa Trail,aentwhistle8t@senate.gov,896-569-9343
01HQZS3CZ808EDV2QSZ7EC6RGQ,O'Connell and Sons,34560 Barnett Place,ltwyning8u@unicef.org,971-990-1353
01HQZS3CZADE96FRKAZD3H0YBP,Marvin-Ferry,6883 Luster Plaza,dbaston8v@github.io,790-856-6746
01HQZS3CZB71YHDPM35V3QBBRB,Abshire-Torphy,9317 Center Trail,ppountney8w@taobao.com,662-895-1686
01HQZS3CZD0V4Z1XBCBNRR0J46,Conn-Stokes,3 Kipling Park,mrudall8x@e-recht24.de,405-940-6297
01HQZS3CZEBTV33K1QHBRVR91X,"Gislason, Greenfelder and Boyle",77009 Spaight Avenue,xwasmer8y@yelp.com,514-993-4015
01HQZS3CZGPH878TBXBH7Y9HJA,"Waelchi, Mayert and Connelly",7235 Packers Parkway,bfricke8z@walmart.com,889-714-0075
01HQZS3CZJVV5ABT97SDFD1V8S,Hartmann LLC,2 Cambridge Park,alazar90@un.org,967-393-0481
01HQZS3CZKDZYXBWH725XEBYV4,Stanton-Skiles,2060 Morning Court,drosbotham91@ow.ly,353-355-5592
01HQZS3CZNX1HH19F0AV7G9S29,"Toy, Jones and Skiles",3517 Mcguire Terrace,mhemmingway92@illinois.edu,532-238-1313
01HQZS3CZQX1ZKC3BBJBFWX22Q,Schimmel Inc,6823 Dwight Center,rpecha93@mozilla.com,562-560-5916
01HQZS3CZRGD51Z6WERS4KE34P,"Monahan, Towne and Pagac",15 Troy Place,adelmage94@github.com,576-715-5044
01HQZS3CZTP0GZ2HV0XGNEYSD8,Daniel-Olson,08 Corry Court,chabert95@prnewswire.com,185-404-2481
01HQZS3CZW0VS6916NXCY3J38X,"Hills, Beahan and Rogahn",98146 Saint Paul Park,ashelper96@google.co.jp,144-839-1009
01HQZS3CZXCAV67FXPCHTWYHQF,Mante Group,67 Beilfuss Court,oshelliday97@dedecms.com,906-188-1520
01HQZS3CZZB3BFNBXHB8XERGB2,Langosh-Kunze,1732 Clemons Junction,bnewsome98@geocities.jp,270-838-2291
01HQZS3D00BK1P448D77AS3J2T,VonRueden Group,75 Acker Lane,eproudley99@cargocollective.com,313-895-6777
01HQZS3D02VSXF3GEGF732DD6Y,Goldner-Marquardt,302 Golden Leaf Lane,gbelz9a@stanford.edu,780-340-2610
01HQZS3D03YRQCH4894QZW1HHM,"Stehr, Stiedemann and Nolan",73125 Amoth Way,koxbury9b@xing.com,916-852-6721
01HQZS3D054VKSE5JDKT9M84M9,Murazik-Swaniawski,9 Express Drive,rsheasby9c@github.io,882-119-4904
01HQZS3D075FS0GK7S7NZTQDYA,"Wyman, Toy and Wyman",986 Raven Pass,jropkes9d@ehow.com,793-565-5932
01HQZS3D08X2J9AA9AJ7K93FVK,Walter Inc,43 Clemons Lane,egeorges9e@behance.net,796-718-9340
01HQZS3D0A52TX1M8X7NMDT8YW,Wunsch Inc,66086 Vera Place,ebarents9f@sbwire.com,192-832-1095
01HQZS3D0B6AK98WH2ZR2XC8ZX,"Fahey, Jaskolski and Yundt",0165 Orin Plaza,mredwood9g@opensource.org,830-621-1291
01HQZS3D0D8G0G4PXZYX51GPR9,Russel Inc,57 Hoffman Road,akitcat9h@oakley.com,496-179-3810
01HQZS3D0FMXF4VNYNA9A71TKK,Schumm-Raynor,3 Kropf Park,eocorr9i@tumblr.com,327-980-6102
01HQZS3D0GKBPR4VHT2HV00DSJ,Sauer and Sons,9 Manley Pass,tpaoletti9j@dyndns.org,357-714-9578
01HQZS3D0KC8TPAH9MX9DQ2T1Z,Kreiger and Sons,6275 American Road,bsiseland9k@e-recht24.de,892-568-0094
01HQZS3D0M6HT84RJVSMWEY5T7,Murphy LLC,1 Bellgrove Circle,jpadbury9l@noaa.gov,348-798-0206
01HQZS3D0NVVH92MVQXSKCS9N9,"Strosin, Barrows and Runolfsdottir",48691 Calypso Circle,rdanaher9m@phoca.cz,540-143-1552
01HQZS3D0PSQP1Q34KGSMJS4BZ,Towne and Sons,50 Grim Center,htopling9n@twitter.com,139-738-7983
01HQZS3D0QXQAHQQQ7N60J39KC,Conn Inc,4520 Thompson Junction,kgrundle9o@newyorker.com,925-279-6016
01HQZS3D0QS76Y67BSHN20N8GK,Cronin and Sons,4 Scott Junction,tdacosta9p@wisc.edu,960-115-5367
01HQZS3D0R44J6YAA7T24XPTC4,Rath and Sons,357 Mayfield Place,aevenett9q@oracle.com,434-933-9354
01HQZS3D0S6YQMQ4M9R7YPMRP9,Grimes and Sons,7 Cascade Junction,mwhyte9r@behance.net,482-289-8597
01HQZS3D0TDCZEJGH8MGR8GFDK,"Tremblay, Thompson and Rogahn",6757 Burning Wood Avenue,bdabnor9s@vimeo.com,575-712-1319
01HQZS3D0TKPZZXHQR9JJ2YBNJ,"Johnson, Dietrich and Lemke",1 Fordem Court,sskyppe9t@home.pl,783-629-1646
01HQZS3D0V3WEBSQF9NQ3B5V3B,Spencer-Collins,8 Tony Court,amacgaffey9u@japanpost.jp,991-178-0340
01HQZS3D0W7M63SDCCW4KR1V3Y,"McCullough, Abernathy and Marks",5 Declaration Plaza,gdolden9v@answers.com,886-887-6155
01HQZS3D0XMNFBMK8DNKKRN2YE,Mayer-Olson,98 South Center,kguilliatt9w@alibaba.com,380-722-1962
01HQZS3D0XWZ2PSNAZY8Z9T0CE,Hartmann LLC,13808 Maryland Road,kemmens9x@go.com,957-193-5829
01HQZS3D0YG2MZFSHCQ9NNHCN4,"Langworth, Senger and Streich",743 David Road,dyouens9y@earthlink.net,286-804-5446
01HQZS3D0ZYASMBNGR7Q85A6PM,Simonis-Romaguera,17 Almo Park,amcavey9z@ehow.com,122-293-8311
01HQZS3D10CDCZ27XVWM0VKAP2,"Stanton, Anderson and Mayer",65069 Petterle Place,awallagea0@cdbaby.com,614-639-9143
01HQZS3D115SHRZNWWY6BQAHVH,Dooley-Jaskolski,88287 Warbler Way,akenafaquea1@tmall.com,662-210-1247
01HQZS3D12XFR06PWGX5GX1VEE,Bednar-Runolfsdottir,655 Upham Lane,fcharettea2@admin.ch,864-792-3558
01HQZS3D135VR06HYPEAZV79F7,Renner and Sons,58070 Independence Parkway,rcollcutta3@cam.ac.uk,869-451-7507
01HQZS3D15D0PRB868YAS5J2QR,Paucek-Stiedemann,57 Thackeray Terrace,jdawnaya4@hibu.com,290-867-3702
01HQZS3D160K32D2653SQBS98H,Kirlin-Rogahn,58956 Anzinger Point,sgawnea5@purevolume.com,519-659-0042
01HQZS3D18VHJMHEET2SEKYCGH,Johns and Sons,35 Reindahl Terrace,nianellia6@harvard.edu,987-698-7247
01HQZS3D1AP0FM1M1DJ11E343E,Abernathy LLC,9353 Logan Court,igissinga7@bing.com,253-485-7288
01HQZS3D1B626EGF3SE7A8XJ74,Crona-Quigley,8 Carioca Trail,ajiraneka8@t-online.de,159-850-5854
01HQZS3D1CTQWM2HHQ9J21VHDD,"Veum, Bashirian and Mueller",70515 Mayfield Crossing,vbuttlea9@shareasale.com,259-268-6098
01HQZS3D1EZ09BBT7RV3SD00VP,Botsford-Goldner,7 Spaight Court,beaglandaa@whitehouse.gov,649-768-1177
01HQZS3D1FE7YRS054M7NHCWK1,Wuckert-Turner,2050 Burning Wood Hill,challedeab@histats.com,938-178-2726
01HQZS3D1GB72HKJM4E02Y2PER,Pacocha-Marquardt,60 School Trail,tnoellac@cnet.com,150-113-2493
01HQZS3D1H4B39RA7WYPWHXG1F,Kautzer Inc,93554 Banding Junction,hgregerad@issuu.com,711-114-0939
01HQZS3D1KKQ1ZQM8510PK337T,Parker LLC,04949 Daystar Junction,hburthae@ibm.com,931-712-7701
01HQZS3D1MJP5FRJHPTD2T0X9M,"Lowe, King and Ernser",23274 Eagan Alley,jscotchmoraf@netlog.com,204-876-7836
01HQZS3D1NQQC880WTZET7AH65,Thiel-Rolfson,2 Mayer Circle,dchevertonag@drupal.org,656-586-4919
01HQZS3D1PHN9JQ6DPSRWR2KJ2,Greenfelder-Russel,268 Kenwood Street,sjanjicah@storify.com,224-242-9906
01HQZS3D1QQY8RTAX7KTNHMHZ1,Stracke and Sons,29 Walton Hill,ctuxellai@springer.com,955-845-8704
01HQZS3D1RK5Y0H0PV9E85A29X,"Cummings, Kuphal and Metz",001 Melby Pass,vabdieaj@mapquest.com,719-325-0938
01HQZS3D1SF1SV0HQ7A0B0FKX4,Halvorson-Tromp,911 Hollow Ridge Alley,hbrachellak@domainmarket.com,988-711-3284
01HQZS3D1VHX615VM2G5VC37PN,"Hintz, Schroeder and McLaughlin",06 Nevada Junction,visaacal@newsvine.com,951-929-6211
01HQZS3D1W9AN01GCQPZ3J43SW,Schiller-Bauch,7424 Hoffman Road,esangaram@miibeian.gov.cn,126-470-0605
01HQZS3D1XX8DNKAXH986S7W0Q,Maggio-Bogan,17 Mallory Junction,htrusslovean@sun.com,441-880-5355
01HQZS3D1YETYDRDY260XPEKR3,"Lueilwitz, Roob and Fritsch",4109 Loftsgordon Pass,emccowanao@ox.ac.uk,890-660-0761
01HQZS3D1ZK0BFSZKS38AGQT0B,"Waelchi, Lebsack and Price",4896 Manley Street,cjanap@rambler.ru,137-754-8922
01HQZS3D200QP0W6BAFQVEBXEJ,"Wyman, Smith and Satterfield",0846 Cody Way,apeddelaq@de.vu,861-644-6976
01HQZS3D22F1QZ9YYA2C1R0ZVC,"Harber, Quitzon and Casper",7 Lien Parkway,lreedshawar@naver.com,255-655-8745
01HQZS3D23131NQ77TA4MH7NG9,"Yost, Leannon and Yundt",0 Steensland Street,kkeigas@dion.ne.jp,143-696-7876
01HQZS3D24CH2CS709ZCMDQX33,Connelly and Sons,069 Lawn Court,jitzkinat@abc.net.au,430-478-2463
01HQZS3D250VECQF2BE7Y3EFED,Oberbrunner Group,7227 Carey Hill,bheinritzau@cnbc.com,944-140-6998
01HQZS3D2693XDM09GMHG4WJMM,Mayer LLC,716 Brickson Park Way,lfulmenav@people.com.cn,959-198-3934
01HQZS3D273P1XEAH14QS1X2JS,"Lynch, Volkman and Monahan",2 Hintze Crossing,achaplainaw@histats.com,951-457-1436
01HQZS3D29K0K6PWWZYDMFVNYC,"Kassulke, Hermann and Hahn",0357 Oakridge Street,wgerbax@dagondesign.com,658-582-5568
01HQZS3D2AHTWV8T98JEYBTSC8,Brekke Inc,5 Vidon Drive,wregenhardtay@statcounter.com,564-610-8164
01HQZS3D2BHNDPG1SWNFPFM8G6,McKenzie-Volkman,8 6th Trail,hclenchaz@examiner.com,236-332-9110
01HQZS3D2C458MCC9E6GMTZC3H,Russel-Lind,3 Burning Wood Place,gwycliffeb0@amazon.com,459-791-5351
01HQZS3D2D6HX2R5CJYK4WVAKA,Anderson-Goyette,61 Donald Hill,tmainzb1@ca.gov,181-732-7657
01HQZS3D2EEY423V7P3A9FK8XE,"Kub, Feeney and Bogisich",85055 Rigney Alley,nmarciekb2@engadget.com,948-297-6638
01HQZS3D2GVM35ERBF4NMYTYH2,Goyette-Rippin,5217 American Ash Junction,doshieldsb3@facebook.com,126-760-2439
01HQZS3D2H59D34ZDE35GYX6X8,Huel Inc,64951 Mitchell Road,tkobpalb4@bbc.co.uk,941-580-7935
01HQZS3D2JCXJ0GKKPY6JT5RMM,"Murphy, O'Conner and Murray",8 Vahlen Court,bchestnuttb5@eventbrite.com,325-477-3820
01HQZS3D2KXS6WNSV8PVMVA6WK,Gislason and Sons,742 Shelley Terrace,tskirvenb6@oakley.com,678-841-8186
01HQZS3D2M7MHJYH3CJZG7NXBY,Larson LLC,7265 Columbus Junction,ddraaismab7@ebay.co.uk,382-109-4255
01HQZS3D2NME3Y1JH0C18DN7GM,Walsh-Swaniawski,10519 Summerview Pass,rsterzakerb8@auda.org.au,370-644-4743
01HQZS3D2P60GAGRTJWH4R9JBX,Bayer LLC,864 Sloan Road,nstodeb9@huffingtonpost.com,125-863-7569
01HQZS3D2QD23NXC90T5ZZ28EM,Koelpin Inc,4288 Declaration Place,btinseyba@is.gd,289-447-5688
01HQZS3D2S0HJ8PC9D8PS9GVGG,Lueilwitz and Sons,8 Barby Place,gbullivantbb@unicef.org,174-575-2810
01HQZS3D2T9B3PQQ4SKRFMT7BZ,"Fritsch, Robel and Volkman",548 Glendale Drive,jreichhardtbc@dailymail.co.uk,577-298-3127
01HQZS3D2VRT76HB7JA5JGBVY9,"Gleichner, Stiedemann and Daniel",51720 Northwestern Plaza,gblankhornbd@time.com,794-140-5868
01HQZS3D2WV6YFD004H8JPH2XP,Kulas and Sons,7 Lien Crossing,cgausonbe@engadget.com,728-407-3070
01HQZS3D2X37JPVQKEW3YN03F1,"Barton, Pfannerstill and Jacobi",64327 Sommers Road,jcleyburnbf@upenn.edu,506-603-0145
01HQZS3D2Y46H6A0H6Y4CH3AJH,Hyatt-Homenick,6307 Evergreen Point,jgeldefordbg@mediafire.com,204-178-7106
01HQZS3D30SYGCS0QWFHAFKWP8,Mante Group,74 Trailsway Alley,tbamletbh@etsy.com,601-779-0907
01HQZS3D31PAKV1T9NJDHFACHF,Gislason-Vandervort,88 Lotheville Lane,ceskrietbi@intel.com,857-556-9404
01HQZS3D32MCXQQXP35PH4F8SB,"Nikolaus, Haley and Tillman",3948 Buena Vista Hill,smcgruarbj@squarespace.com,144-834-8486
01HQZS3D334KNTBZE44YMYQQPX,Johnston-McGlynn,14 North Parkway,awanklingbk@biglobe.ne.jp,766-867-2446
01HQZS3D345X3ZMEFQD17F972B,"Kuphal, Schoen and Stokes",26 Huxley Plaza,mgreedierbl@hubpages.com,572-522-6891
01HQZS3D35MA6H73E7G611YGGA,"Abbott, Reichert and Stroman",7 Caliangt Terrace,gstoltebm@cnet.com,817-238-2540
01HQZS3D37TG8J8QEYMQ264V9G,Bailey-Barrows,8 Nobel Crossing,orodgersbn@acquirethisname.com,449-253-6848
01HQZS3D3815DTK50FTT3NJAFX,Effertz-Lebsack,89038 Tony Circle,ssauvanbo@un.org,325-226-9716
01HQZS3D39BJYYXF5MY58WN6HJ,Kunze-Franecki,4574 Moland Lane,tculleybp@mlb.com,676-151-8128
01HQZS3D3A2ZAC180NJ1KSHZTV,Schimmel-Ernser,59 Sycamore Court,thargreavesbq@washingtonpost.com,239-113-3454
01HQZS3D3BVAG32KAQNJN2TPAN,Hane-Watsica,869 Dovetail Crossing,ccappelbr@google.de,453-895-9209
01HQZS3D3CT1C9METRW0Y254P1,Hermann Inc,4491 Anzinger Circle,ldawtreybs@bbc.co.uk,958-586-1026
01HQZS3D3DTKXJQ4X3VFXGKX02,"Grimes, Hilpert and Muller",5 Ohio Plaza,vfishpoolbt@mlb.com,949-936-6317
01HQZS3D3EAY36KKEN6Q3461FY,Sawayn and Sons,7 Corben Park,rhaughtonbu@salon.com,536-985-7784
01HQZS3D3F0BYRPGJ42EZD8FAT,Towne-Connelly,05 Bobwhite Center,sespinosabv@dyndns.org,722-794-3906
01HQZS3D3HKZMFJEQ6VAHATXH7,"Thompson, Stokes and Pouros",45830 Hallows Junction,hpurverbw@uol.com.br,899-371-7436
01HQZS3D3JZ5FB2EEDPF1RGVCT,"Spencer, Brekke and Schoen",71 Stephen Court,mverrillsbx@washingtonpost.com,172-603-3852
01HQZS3D3KQSF5RBE9NHNMN429,"Kohler, Medhurst and Russel",9973 Maple Place,dgraysonby@techcrunch.com,108-319-3172
01HQZS3D3M62ZBTH2DFT8N24KR,Littel-Erdman,162 Burning Wood Junction,colyuninbz@cbsnews.com,691-177-9017
01HQZS3D3N5E69HJMTVHXGHFSS,Denesik-Lebsack,969 Westridge Parkway,odemeltc0@hubpages.com,826-411-8624
01HQZS3D3P5BAZYYK3ETM54M4K,Hudson-Conn,798 Aberg Point,mlampittc1@skyrock.com,971-716-5813
01HQZS3D3QY1XHVQ512T5Z0VE1,Bartoletti LLC,2830 David Park,ccaneroc2@liveinternet.ru,635-166-4164
01HQZS3D3SPJCC7Y81BVS5V373,Rempel-Toy,45 Shasta Court,ddaniellc3@prlog.org,832-481-1161
01HQZS3D3TMMPTQ99B0AAQWZJC,Hoeger-Keebler,44 Kennedy Drive,cedmondsonc4@so-net.ne.jp,859-815-4100
01HQZS3D3VQWF97FAQA9P7M0Y3,Schuster LLC,073 Monument Terrace,ifarlamc5@gmpg.org,863-267-8875
01HQZS3D3WTVVFXQ6FRJE3PVGJ,Rath Inc,7105 Rockefeller Street,tshewanc6@desdev.cn,857-932-5857
01HQZS3D3XV3SQRQEM9AMR9JM9,"Blick, Wuckert and Cassin",3005 South Plaza,aboswardc7@washington.edu,985-826-8397
01HQZS3D3YPX0CX50MYG1BZ1XW,Metz-Bode,2489 Hudson Center,ccranefieldc8@netscape.com,598-595-0696
01HQZS3D3ZTJ8925KYYMH5RJ13,"Douglas, Emmerich and Gleichner",60543 Claremont Street,smurrhauptc9@weather.com,759-536-5158
01HQZS3D415XSZPTF2SYW70XPN,Heidenreich Group,5418 Main Drive,amatthessenca@yandex.ru,470-343-1481
01HQZS3D42X3M92KCH5DYETMAT,Mann-Keebler,34 Mendota Place,cgilbridecb@salon.com,616-626-7759
01HQZS3D43MYEJ0M5G26RY9X47,Hickle LLC,9375 John Wall Road,bpinacc@sun.com,461-299-7966
01HQZS3D44J89SZW5G9PBJMX5D,"Schmidt, Schneider and Labadie",05217 Manley Point,weilhertsencd@ask.com,692-666-7534
01HQZS3D459B2EFNJRBZZFCFDV,"Johnson, Pacocha and Little",0 David Center,tharnesce@blogtalkradio.com,355-499-3053
01HQZS3D46JCENQX06D43YHCFX,Mann-Corwin,948 Sugar Pass,dconsidinecf@cpanel.net,253-985-6072
01HQZS3D47CNZ2WBWD7K96SW4A,Ebert-Sporer,58 Killdeer Court,mgodridgecg@dmoz.org,967-959-2508
01HQZS3D48472E8DWXGFY9S9XQ,Beatty Inc,21 Packers Way,djeppech@last.fm,318-291-5056
01HQZS3D4ATQV5K24J84R9YWR5,Stracke Group,6 Dakota Lane,fbaumlerci@digg.com,513-435-6799
01HQZS3D4BJX5HERBX9MKY963Q,Murazik-Cremin,58 Schurz Street,fackredcj@live.com,108-976-8248
01HQZS3D4C5G9DVWP2W4MVY8PC,Yundt LLC,658 Cody Point,enewickck@ucsd.edu,120-650-2165
01HQZS3D4DDX1FWD0N1G7BWAZX,Breitenberg-Halvorson,3513 Claremont Park,tmeighancl@soup.io,813-938-4161
01HQZS3D4EAQJQ6D5GQKT1411E,Halvorson and Sons,404 Hanover Road,gpouldencm@weather.com,389-168-5845
01HQZS3D4F46G6T41N1ZPRSWVX,"Bernhard, Goyette and Rice",81 Del Sol Point,wborastoncn@reuters.com,752-586-0043
01HQZS3D4GTAPQMZJNXV6YMC47,Goodwin LLC,4 Sunbrook Plaza,ngrigorianco@patch.com,623-430-3651
01HQZS3D4H3A1H089QGEEXZJ6Y,"Wuckert, Kozey and Parker",7 Doe Crossing Parkway,thallutcp@hp.com,368-290-3694
01HQZS3D4KVYP2595H9S190FPS,"Mann, Bernhard and Bauch",306 Tennyson Parkway,sklimowiczcq@plala.or.jp,590-702-4051
01HQZS3D4MNXJCYYQE3K573RTD,Dicki Group,59632 Forest Dale Plaza,apurveyscr@bandcamp.com,882-320-3444
01HQZS3D4NP2WTHAXBKW0VXWQ8,Murphy Group,05475 Beilfuss Parkway,ogerretsencs@youtube.com,457-931-6027
01HQZS3D4PHVEHN26N5PH2WK0K,Hand-Kunde,84 Buhler Avenue,rdresselct@furl.net,363-922-1956
01HQZS3D4Q0X8KR9XAJNZSJEKF,Mitchell and Sons,33621 Paget Pass,bbickmorecu@squarespace.com,772-378-1249
01HQZS3D4RW4T7TM9VVYZ998YY,Lindgren-Hoppe,5 Forest Dale Center,mleetcv@google.com.au,873-119-1798
01HQZS3D4S11DAWG3S6339RYGF,"Reichel, Bechtelar and Kovacek",1221 Clarendon Point,eleflochcw@ucoz.ru,272-489-0081
01HQZS3D4VN9J2NREVEXKD4Z88,"Sauer, Sanford and Greenfelder",2467 Kim Park,rpentecustcx@eventbrite.com,718-867-6910
01HQZS3D4WJXGYQXWF8JV1DY9J,"Bartoletti, Hoeger and Rice",42590 Briar Crest Parkway,lmatusovcy@wix.com,702-887-9337
01HQZS3D4XE9PQPDQN10F3T539,Adams-Schmidt,32 Elka Trail,dathersmithcz@free.fr,561-889-2809
01HQZS3D4YXAMVT16GS6V22NKN,"Wolff, Lynch and Torp",64198 Linden Center,mkileyd0@microsoft.com,561-475-0937
01HQZS3D4ZWHRTC6GYKA9S9Y7P,Smitham and Sons,333 Colorado Pass,killesd1@twitter.com,590-783-7203
01HQZS3D50V16AAWBZYSJHR86Y,Fadel Group,51 Dunning Junction,swathalld2@seattletimes.com,795-268-6418
01HQZS3D525K4HXVX94ASJ0099,"Ziemann, Ratke and Gibson",0 Homewood Alley,dburrend3@hhs.gov,525-683-1415
01HQZS3D534RGCTX4Z3B76H8RP,Mitchell-Doyle,4 Boyd Street,dgatchd4@ameblo.jp,934-612-5171
01HQZS3D543D1CTXHV3Y0K6CZN,Armstrong-Fay,4529 Kedzie Pass,npenkethmand5@about.com,240-653-5257
01HQZS3D555WRRVHG5RCCXGFK3,Marks-Huel,079 Esch Trail,wwillesond6@mac.com,805-791-4950
01HQZS3D560CRW57Z5X2QFPA1P,Sauer-Kunze,5579 Gateway Court,ltithacottd7@house.gov,522-533-1532
01HQZS3D57W81VFMB16FBVWGKR,Bednar Inc,9640 Delladonna Circle,bseymerd8@harvard.edu,260-498-2293
01HQZS3D59DHWT5H9VJZBXSB8B,"Murray, Wehner and Rolfson",6721 Dwight Street,lmanchettd9@comsenz.com,666-906-6373
01HQZS3D5AZWT2CW9EZBYGV82S,"Bradtke, Parisian and Krajcik",573 Hermina Crossing,mtownesda@facebook.com,337-795-7932
01HQZS3D5BTGCDAFPDQXA1CD7B,"Graham, Rowe and Kassulke",64 Granby Terrace,jwolverdb@netscape.com,231-927-3059
01HQZS3D5CXQSZ35886YXJ1W59,Mills and Sons,13347 Fieldstone Alley,bvanndc@multiply.com,950-375-4518
01HQZS3D5DA3MMF3EACWHEHQF3,Mohr-Beatty,4 Riverside Alley,lvedekhindd@eventbrite.com,462-653-8868
01HQZS3D5E7WY4NRTMBMRC7M6G,Boehm-Hansen,24 Melody Alley,draede@wix.com,973-901-1143
01HQZS3D5FCBQEKZ79VREWBGTE,Kirlin-Huel,9 Raven Circle,mbackendf@xrea.com,804-580-7010
01HQZS3D5GTCFWTX4DPD0Y1ZW0,Stokes and Sons,41 Towne Trail,vhurdwelldg@eventbrite.com,352-765-7970
01HQZS3D5JKK8QWD0SQ3MNMGX4,"Konopelski, Bode and Champlin",8 Jay Parkway,bkhoterdh@pagesperso-orange.fr,351-602-9159
01HQZS3D5KGJM4DE9HFSKCKKNS,Lesch-Veum,6483 Forest Dale Circle,fallchindi@blog.com,371-871-6643
01HQZS3D5M9WRPR905B8S0KM2Q,"Altenwerth, Runolfsdottir and Nolan",3 Erie Trail,awheelbanddj@dmoz.org,923-652-5974
01HQZS3D5NM21287FC3D5BBEBC,Schroeder-Ledner,502 Mandrake Park,switcherleydk@ebay.com,298-186-4197
01HQZS3D5P56TKGWNF4JVHANP5,Keebler Group,75735 1st Point,brenvoisedl@ebay.co.uk,352-783-4368
01HQZS3D5QHYBCVJ7V9DXJPRWW,Smith LLC,5 1st Park,gthomsdm@wikipedia.org,189-328-6309
01HQZS3D5S06GM56XXEZE4ZGKC,Huels LLC,2547 Larry Way,livanchindn@answers.com,888-404-8946
01HQZS3D5TE4B0KCQG0SWBAMGN,Conroy-Rath,14 Mosinee Pass,hdowarddo@dropbox.com,418-805-0381
01HQZS3D5VKFWS5KBEAWTMB87Q,"Stokes, Gislason and Russel",6 Marcy Hill,vshiresdp@discovery.com,296-521-1106
01HQZS3D5W027HQTNTDXT74PRS,Schoen-Trantow,1452 East Avenue,rriglardq@mail.ru,100-748-3273
01HQZS3D5XZFM4V5WX4QYJMB1Y,Shields-Frami,906 Clarendon Center,crignolddr@baidu.com,860-133-0989
01HQZS3D5YJK002TVPB46HR5PS,Wilderman and Sons,20069 Hayes Point,cstearnds@google.fr,662-713-9716
01HQZS3D5ZS8ZG4NDJYJ2GHNY6,Roob-Howell,81089 Sachs Center,rmayowdt@skyrock.com,669-161-5187
01HQZS3D6022YDNW513X9Z2ZD0,Grimes and Sons,89 Reinke Park,datcherleydu@moonfruit.com,144-964-6167
01HQZS3D61ZP9J70HZMJZJKPXS,Runolfsdottir LLC,5127 Warbler Alley,psuartdv@google.ca,284-925-5736